"#instruction","registertype","num operands","imm op","test mode","instr set","options"
,,,,,,
"$text=\nFloating point vector arithmetic instructions",,,,,,
,,,,,,
"addss",128,2,,"ltm","sse",
"addps",128,2,,"ltm","sse",
"vaddps",128,3,,"lt","avx",
"vaddps",256,3,,"lt","avx",
"vaddps",512,3,,"lt","avx512",
"addsd",128,2,,"lt","sse2",
"addpd",128,2,,"ltm","sse2",
"vaddpd",256,3,,"lt","avx",
"vaddpd",512,3,,"lt","avx512",
"addsubps",128,2,,"lt","sse3",
"vaddsubps",256,2,,"lt","avx",
"addsubpd",128,2,,"ltm","sse3",
"vaddsubpd",256,2,,"lt","avx",
"#vaddsubpd not existing",512,2,,"ltm","avx512",
,,,,,,
"haddps",128,2,,"ltm","sse3",
"vhaddps",256,3,,"lt","avx",
"haddpd",128,2,,"ltm","sse3",
"vhaddpd",256,3,,"lt","avx",
,,,,,,
"mulss",128,2,,"ltm","sse",
"mulps",128,2,,"ltm","sse",
"vmulps",128,3,,"lt","avx",
"vmulps",256,3,,"lt","avx",
"vmulps",512,3,,"lt","avx512",
"mulsd",128,2,,"ltm","sse",
"mulpd",128,2,,"ltm","sse",
"vmulpd",128,3,,"lt","avx",
"vmulpd",256,3,,"lt","avx",
"vmulpd",512,3,,"lt","avx512",
,,,,,,
"divss",128,2,,"divlt","sse",
"divps",128,2,,"divlt","sse",
"vdivps",256,3,,"divlt","avx",
"vdivps",512,3,,"divlt","avx512",
"vdivps",512,3,,"divlt","avx512","mask=0 usezero"
"divsd",128,2,,"divlt","sse",
"divpd",128,2,,"divlt","sse",
"vdivpd",256,3,,"divlt","avx",
"vdivpd",512,3,,"divlt","avx512",
"vdivpd",512,3,,"divlt","avx512","mask=0 usezero"
,,,,,,
"rcpss",128,2,,"divlt","sse",
"rcpps",128,2,,"divlt","sse",
"vrcpps",256,2,,"divlt","avx",
"vrcp14ss",128,3,,"divlt","avx512",
"vrcp14ps",128,2,,"divlt","avx512vl",
"vrcp14ps",256,2,,"divlt","avx512vl",
"vrcp14ps",512,2,,"divlt","avx512",
"vrcp28ss",128,3,,"divlt","avx512er",
"vrcp28ps",512,2,,"divlt","avx512er",
"vrcp28sd",128,3,,"divlt","avx512er",
"vrcp28pd",512,2,,"divlt","avx512er",
,,,,,,
"maxss",128,2,,"ltm","sse",
"minss",128,2,,"ltm","sse",
"maxps",128,2,,"ltm","sse",
"vmaxps",256,3,,"lt","avx",
"vmaxps",512,3,,"lt","avx512",
"maxsd",128,2,,"ltm","sse2",
"maxpd",128,2,,"ltm","sse2",
"vmaxpd",256,3,,"lt","avx",
"vmaxpd",512,3,,"lt","avx512",
"vminpd",512,3,,"lt","avx512",
,,,,,,
"roundss",128,2,0,"ltm","sse4.1",
"roundps",128,2,0,"ltm","sse4.1",
"vroundps",256,2,0,"lt","avx",
"vrndscaless",128,3,16,"lt","avx512",
"vrndscaleps",128,2,16,"lt","avx512vl",
"vrndscaleps",256,2,16,"lt","avx512vl",
"vrndscaleps",512,2,16,"lt","avx512",
"roundsd",128,2,0,"lt","sse4.1",
"roundpd",128,2,0,"lt","sse4.1",
"vroundpd",256,2,0,"lt","avx",
"vrndscalesd",128,3,16,"lt","avx512",
"vrndscalepd",128,2,16,"lt","avx512vl",
"vrndscalepd",256,2,16,"lt","avx512vl",
"vrndscalepd",512,2,16,"ltm","avx512",
,,,,,,
"VSCALEFSS",128,3,,"lt","avx512",
"VSCALEFSD",128,3,,"lt","avx512",
"VSCALEFPS",512,3,,"lt","avx512",
"VSCALEFPD",512,3,,"lt","avx512",
,,,,,,
"vreducess",128,3,16,"ltm","avx512dq",
"vreduceps",128,2,16,"lt","avx512vl",
"vreduceps",256,2,16,"lt","avx512vl",
"vreduceps",512,2,16,"lt","avx512dq",
"vreducesd",128,3,16,"lt","avx512dq",
"vreducepd",128,2,16,"lt","avx512vl",
"vreducepd",256,2,16,"lt","avx512vl",
"vreducepd",512,2,16,"ltm","avx512dq",
,,,,,,
"VRANGEPS",128,3,1,"lt","avx512dq",
"VRANGEPS",256,3,1,"lt","avx512dq",
"VRANGEPS",512,3,1,"lt","avx512dq",
"VRANGEPD",512,3,1,"lt","avx512dq",
,,,,,,
"dpps",128,2,241,"ltm","sse4.1",
"vdpps",256,3,241,"ltm","avx",
"dppd",128,2,49,"ltm","sse4.1",
,,,,,,
"vfmadd132ss",128,3,,"ltm","fma3","3op"
"vfmadd132ps",128,3,,"lt","fma3","3op"
"vfmadd132ps",128,3,,"lt","fma3","3op"
"vfmadd213ps",256,3,,"lt","fma3","3op"
"vfmadd231ps",512,3,,"ltm","avx512","3op"
"vfmaddsub132ps",128,3,,"lt","fma3","3op"
"vfmsubadd321ps",256,3,,"lt","fma3","3op"
"vfmsub231ps",512,3,,"lt","avx512","3op"
"vfnmadd132ps",128,3,,"lt","fma3","3op"
"vfmadd132sd",128,3,,"lt","fma3","3op"
"vfmadd132pd",128,3,,"lt","fma3","3op"
"vfmadd213pd",256,3,,"lt","fma3","3op"
"vfmadd231pd",512,3,,"lt","avx512","3op"
,,,,,,
"cmpeqss",128,2,,"ltm","sse",
"cmpltps",128,2,,"ltm","sse",
"vcmpleps",256,3,,"lt","avx",
"vcmpps",128,3,0,"maskcmplt","avx512vl",
"vcmpps",256,3,1,"maskcmplt","avx512vl",
"vcmpps",512,3,2,"maskcmplt","avx512",
"cmpeqsd",128,2,,"ltm","sse2",
"cmpltpd",128,2,,"ltm","sse2",
"vcmplepd",256,3,,"lt","avx",
"vcmppd",128,3,3,"maskcmplt","avx512vl",
"vcmppd",256,3,4,"maskcmplt","avx512vl",
"vcmppd",512,3,5,"maskcmplt","avx512",
,,,,,,
"comiss",128,2,,"tm","sse",
"$text=\nround trip latency comiss / setb / movd",,,,,"sse",
"comiss",128,2,,"macros=latencycf.inc","sse",
"ucomiss",128,2,,"t","sse",
"$text=\nround trip latency ucomiss / setb / movd",,,,,"sse",
"ucomiss",128,2,,"macros=latencycf.inc","sse",
"comisd",128,2,,"t","sse2",
"$text=\nround trip latency comisd / setb / movd",,,,,"sse",
"comisd",128,2,,"macros=latencycf.inc","sse2",
"ucomisd",128,2,,"t","sse2",
"$text=\nround trip latency ucomisd / setb / movd",,,,,"sse2",
"ucomisd",128,2,,"macros=latencycf.inc","sse2",
,,,,,,
"VFPCLASSPS",512,2,5,"maskcmplt","avx512dq",
,,,,,,
"andps",128,2,,"ltm","sse",
"vandps",256,3,,"ltm","avx",
"vandps",512,3,,"ltm","avx512dq",
"andpd",128,2,,"ltm","sse",
"vandpd",256,3,,"ltm","avx",
"vandpd",512,3,,"ltm","avx512dq",
"andnps",128,2,,"ltm","sse",
"vorps",256,3,,"ltm","avx",
"vxorps",256,3,,"ltm","avx",
"vorpd",512,3,,"ltm","avx512dq",
,,,,,,
"vtestps",128,2,,"t","avx",
"vtestps",256,2,,"t","avx",
"vtestpd",128,2,,"t","avx",
"vtestpd",256,2,,"t","avx",
